"year","countrycode","div_tax","cg_tax","corp_tax","avg_tax_c","eff_tax_c","div_penalty"
1990,"AUS",15.16393443,48.5,39,22.03231877,14.53781,-0.6473022442
1991,"AUS",15.16393443,48.5,39,22.03231877,14.53781,-0.6473022442
1992,"AUS",15.16393443,48.5,39,22.03231877,14.53781,-0.6473022442
1993,"AUS",22.98507463,48.5,33,28.24203315,20.74752,-0.4954354441
1994,"AUS",22.98507463,48.5,33,28.24203315,20.74752,-0.4954354441
1995,"AUS",19.53125,48.5,36,25.49981604,18.00531,-0.5625
1996,"AUS",19.53125,48.5,36,25.49981604,18.00531,-0.5625
1997,"AUS",19.53125,48.5,36,25.49981604,18.00531,-0.5625
1998,"AUS",19.53125,48.5,36,25.49981604,18.00531,-0.5625
1999,"AUS",19.53125,48.5,36,25.49981604,18.00531,-0.5625
2000,"AUS",21.96969697,24.25,36,22.43951839,18.69226,-0.0301030103
2001,"AUS",26.42857143,24.25,34,25.97971024,22.23245,0.0287600189
2002,"AUS",26.42857143,24.25,30,25.97971024,22.23245,0.0287600189
2003,"AUS",26.42857143,24.25,30,25.97971024,22.23245,0.0287600189
2004,"AUS",26.42857143,24.25,30,25.97971024,22.23245,0.0287600189
2005,"AUS",26.42857143,24.25,30,25.97971024,22.23245,0.0287600189
2006,"AUS",23.57142857,23.25,30,23.50520315,19.91247,0.0041879944
2007,"AUS",23.57142857,23.25,30,23.50520315,19.91247,0.0041879944
2008,"AUS",23.57142857,23.25,30,23.50520315,19.91247,0.0041879944
1990,"AUT",25,0,30,21.04254913,21.04255,0.25
1991,"AUT",25,0,30,21.04254913,21.04255,0.25
1992,"AUT",25,0,30,21.04254913,21.04255,0.25
1993,"AUT",25,0,30,21.04254913,21.04255,0.25
1994,"AUT",22,0,34,18.51744461,18.51744,0.22
1995,"AUT",22,0,34,18.51744461,18.51744,0.22
1996,"AUT",22,0,34,18.51744402,18.51744,0.22
1997,"AUT",25,0,34,21.04254913,21.04255,0.25
1998,"AUT",25,0,34,21.04254913,21.04255,0.25
1999,"AUT",25,0,34,21.04254913,21.04255,0.25
2000,"AUT",25,0,34,21.04254913,21.04255,0.25
2001,"AUT",25,0,34,21.04254913,21.04255,0.25
2002,"AUT",25,0,34,21.04254913,21.04255,0.25
2003,"AUT",25,0,34,21.04254913,21.04255,0.25
2004,"AUT",25,0,34,21.04254913,21.04255,0.25
2005,"AUT",25,0,25,21.04254913,21.04255,0.25
2006,"AUT",25,0,25,21.04254913,21.04255,0.25
2007,"AUT",25,0,25,21.04254913,21.04255,0.25
2008,"AUT",25,0,25,21.04254913,21.04255,0.25
1990,"BEL",25,41,41,29.4932316,20.8578,-0.2711864407
1991,"BEL",25,39,39,28.93157765,20.71739,-0.2295081967
1992,"BEL",25,39,39,28.93157765,20.71739,-0.2295081967
1993,"BEL",25,40.17,40.17,29.26014521,20.79953,-0.2535517299
1994,"BEL",25,40.17,40.17,29.26014521,20.79953,-0.2535517299
1995,"BEL",15,40.17,40.17,22.06841496,13.6078,-0.4206919606
1996,"BEL",15,40.17,40.17,22.06841496,13.6078,-0.4206919606
1997,"BEL",15,40.17,40.17,22.06841496,13.6078,-0.4206919606
1998,"BEL",15,40.17,40.17,22.06841496,13.6078,-0.4206919606
1999,"BEL",15,40.17,40.17,22.06841496,13.6078,-0.4206919606
2000,"BEL",15,40.17,40.17,22.06841496,13.6078,-0.4206919606
2001,"BEL",15,40.17,40.17,22.06841496,13.6078,-0.4206919606
2002,"BEL",15,10,40.17,13.59586512,11.48966,0.0555555556
2003,"BEL",15,10,33.99,13.59586512,11.48966,0.0555555556
2004,"BEL",15,10,33.99,13.59586512,11.48966,0.0555555556
2005,"BEL",15,10,33.99,13.59586512,11.48966,0.0555555556
2006,"BEL",15,10,33.99,13.59586512,11.48966,0.0555555556
2007,"BEL",15,10,33.99,13.59586512,11.48966,0.0555555556
2008,"BEL",15,10,33.99,13.59586512,11.48966,0.0555555556
1990,"CAN",38.29843712,35.0775,41.45,37.37857819,29.8653,0.0496120315
1991,"CAN",39.13038423,35.7375,41.81,38.16141891,30.50678,0.0527972648
1992,"CAN",40.06057893,36.3375,42.52,38.99731445,31.21416,0.0584815069
1993,"CAN",43.54880906,38.5875,42.56,42.13191986,33.86684,0.0807866324
1994,"CAN",44.5952781,39.2625,42.58,43.07230377,34.66264,0.0878004215
1995,"CAN",44.5952781,39.2625,42.86,43.07230377,34.66264,0.0878004215
1996,"CAN",36.96462657,39.0375,42.94,37.55661392,29.19514,-0.0340024347
1997,"CAN",35.75486404,37.0875,42.94,36.13544846,28.19165,-0.0211823717
1998,"CAN",34.5906253,36.2625,42.94,35.06809235,27.301,-0.0262306287
1999,"CAN",33.59671802,35.8947,42.87,34.25299454,26.56468,-0.0358469889
2000,"CAN",33.15393323,31.9064,42.57,32.7976532,25.9636,0.0183208588
2001,"CAN",31.87707202,23.2048,40.51,29.40037918,24.43012,0.1129272665
2002,"CAN",31.87758049,23.2048,38.05,29.40074158,24.43049,0.1129338877
2003,"CAN",31.87758049,23.2048,35.95,29.40074158,24.43049,0.1129338877
2004,"CAN",31.87758049,23.2048,34.42,29.40074158,24.43049,0.1129338877
2005,"CAN",31.87472271,23.2048,34.36,29.39870071,24.42845,0.1128966747
2006,"CAN",24.40880463,23.2048,34.07,24.06495667,19.0947,0.0156781235
2007,"CAN",24.0746644,23.2048,34.09,23.82624245,18.85599,0.0113270673
2008,"CAN",23.56787826,23.2048,31.72,23.46418762,18.49393,0.004727877
1990,"CHE",40.88,0,30.59653916,22.58163261,22.58163,0.4088
1991,"CHE",40.88,0,27.72101468,22.58163261,22.58163,0.4088
1992,"CHE",41.53,0,28.03435928,22.94068527,22.94069,0.4153
1993,"CHE",42.44,0,28.4667857,23.44335938,23.44336,0.4244
1994,"CHE",42.44,0,28.4667857,23.44335938,23.44336,0.4244
1995,"CHE",42.44,0,28.46924177,23.44335938,23.44336,0.4244
1996,"CHE",42.44,0,28.46924177,23.44335938,23.44336,0.4244
1997,"CHE",42.44,0,28.46924177,23.44335938,23.44336,0.4244
1998,"CHE",42.44,42.44,27.79845951,42.44,28.19252,0
1999,"CHE",42.44,42.44,25.09419405,42.44,28.19252,0
2000,"CHE",42.05,42.05,24.92548855,42.05,27.93344,0
2001,"CHE",41.53,41.53,24.6993622,41.53,27.58801,0
2002,"CHE",41.01,41.01,24.41535275,41.01,27.24258,0
2003,"CHE",40.36,40.36,24.09982391,40.36,26.81079,0
2004,"CHE",40.36,40.36,24.09982391,40.36,26.81079,0
2005,"CHE",40.36,40.36,21.32,40.36,26.81079,0
2006,"CHE",40.36,40.36,21.32,40.36,26.81079,0
2007,"CHE",40.36,40.36,21.3232795,40.36,26.81079,0
2008,"CHE",25.735,25.735,21.17443782,25.735,17.09554,0
1990,"DEU",26.5625,0,54.54545455,22.17824453,22.17824,0.265625
1991,"DEU",29.66796875,0,56.25,24.77114224,24.77114,0.2966796875
1992,"DEU",29.66796875,0,58.15217391,24.77114224,24.77114,0.2966796875
1993,"DEU",26.5625,0,56.52173913,22.17824453,22.17824,0.265625
1994,"DEU",32.85714286,0,52.17391304,27.43392937,27.43393,0.3285714286
1995,"DEU",38.53571429,0,55.10869565,32.17522803,32.17523,0.3853571429
1996,"DEU",38.53571429,0,55.87606838,32.17522803,32.17523,0.3853571429
1997,"DEU",38.53571429,0,56.79916318,32.17522803,32.17523,0.3853571429
1998,"DEU",37.02142857,0,56.0460251,30.91088172,30.91088,0.3702142857
1999,"DEU",37.02142857,0,52.03319502,30.91088172,30.91088,0.3702142857
2000,"DEU",34,0,52.03319502,28.388153,28.38815,0.34
2001,"DEU",25.58375,0,38.90125,21.36104145,21.36104,0.2558375
2002,"DEU",25.58375,0,38.90041494,21.36104145,21.36104,0.2558375
2003,"DEU",25.58375,0,40.21576763,21.36104145,21.36104,0.2558375
2004,"DEU",23.7375,0,38.90041494,19.81952299,19.81952,0.237375
2005,"DEU",22.155,0,38.90041494,18.49822146,18.49822,0.22155
2006,"DEU",22.2,0,38.90041494,18.53579402,18.53579,0.222
2007,"DEU",23.7375,0,38.90041494,19.81952299,19.81952,0.237375
2008,"DEU",26.375,0,30.175,22.02169222,22.02169,0.26375
1990,"DNK",60.875,0,40,39.87377612,39.87378,0.60875
1991,"DNK",45,0,38,29.47548132,29.47548,0.45
1992,"DNK",45,0,34,29.47548132,29.47548,0.45
1993,"DNK",40,40,34,40,29.65032,0
1994,"DNK",40,40,34,40,29.65032,0
1995,"DNK",40,40,34,40,29.65032,0
1996,"DNK",40,40,34,40,29.65032,0
1997,"DNK",40,40,34,40,29.65032,0
1998,"DNK",40,40,34,40,29.65032,0
1999,"DNK",40,40,32,40,29.65032,0
2000,"DNK",40,40,32,40,29.65032,0
2001,"DNK",43,43,30,43,31.87409,0
2002,"DNK",43,43,30,43,31.87409,0
2003,"DNK",43,43,30,43,31.87409,0
2004,"DNK",43,43,30,43,31.87409,0
2005,"DNK",43,43,28,43,31.87409,0
2006,"DNK",43,43,28,43,31.87409,0
2007,"DNK",43,43,28,43,31.87409,0
2008,"DNK",45,45,25,45,33.35661,0
1990,"ESP",46,11.2,35,38.40129832,36.56713,0.3918918919
1991,"ESP",46,11.2,35,38.40129832,36.56713,0.3918918919
1992,"ESP",43,10.6,35,35.92534671,34.18944,0.3624161074
1993,"ESP",46,37.33333,35,44.1076023,37.99371,0.1382979182
1994,"ESP",46,37.33333,35,44.1076023,37.99371,0.1382979182
1995,"ESP",38.4,37.33333,35,38.16708888,32.05319,0.0170213289
1996,"ESP",38.4,20,35,34.38229566,31.10699,0.23
1997,"ESP",38.4,20,35,34.38229566,31.10699,0.23
1998,"ESP",38.4,20,35,34.38229566,31.10699,0.23
1999,"ESP",27.2,20,35,25.62785482,22.35255,0.09
2000,"ESP",27.2,18,35,25.19114783,22.24338,0.112195122
2001,"ESP",27.2,18,35,25.19114783,22.24338,0.112195122
2002,"ESP",27.2,18,35,25.19114783,22.24338,0.112195122
2003,"ESP",23,18,35,21.90823252,18.96046,0.0609756098
2004,"ESP",23,15,35,21.25317203,18.7967,0.0941176471
2005,"ESP",23,15,35,21.25317203,18.7967,0.0941176471
2006,"ESP",23,15,35,21.25317203,18.7967,0.0941176471
2007,"ESP",18,18,32.5,18,15.05223,0
2008,"ESP",18,18,30,18,15.05223,0
1990,"FIN",59.5,23.8,42,55.76359624,53.89539,0.468503937
1991,"FIN",55.6,27.8,40,52.69041948,50.50824,0.3850415512
1992,"FIN",55.9,27.9,36,52.96948724,50.77945,0.3883495146
1993,"FIN",0,25,25,2.616529226,0.6541323,-0.3333333333
1994,"FIN",0,25,25,2.616529226,0.6541323,-0.3333333333
1995,"FIN",0,25,25,2.616529226,0.6541323,-0.3333333333
1996,"FIN",0,28,28,2.930512667,0.7326282,-0.3888888889
1997,"FIN",0,28,28,2.930512667,0.7326282,-0.3888888889
1998,"FIN",0,28,28,2.930512667,0.7326282,-0.3888888889
1999,"FIN",0,28,28,2.930512667,0.7326282,-0.3888888889
2000,"FIN",0,29,29,3.035173893,0.7587935,-0.4084507042
2001,"FIN",0,29,29,3.035173893,0.7587935,-0.4084507042
2002,"FIN",0,29,29,3.035173893,0.7587935,-0.4084507042
2003,"FIN",0,29,29,3.035173893,0.7587935,-0.4084507042
2004,"FIN",0,29,29,3.035173893,0.7587935,-0.4084507042
2005,"FIN",15.96,28,26,17.22012138,15.02224,-0.1672222222
2006,"FIN",19.6,28,26,20.47915459,18.28127,-0.1166666667
2007,"FIN",19.6,28,26,20.47915459,18.28127,-0.1166666667
2008,"FIN",19.6,28,26,20.47915459,18.28127,-0.1166666667
1990,"FRA",39.85,19.4,42,36.22296524,33.64236,0.2537220844
1991,"FRA",39.85,19.4,42,36.22296524,33.64236,0.2537220844
1992,"FRA",39.85,19.4,34,36.22296524,33.64236,0.2537220844
1993,"FRA",41.8,19.4,33.33,37.82711029,35.24651,0.2779156328
1994,"FRA",41.8,19.4,33.33,37.82711029,35.24651,0.2779156328
1995,"FRA",42.55,19.4,36.66,38.44408798,35.86348,0.2872208437
1996,"FRA",39.04,19.4,36.66,35.55662537,32.97602,0.2436724566
1997,"FRA",43.375,19.9,36.66,39.21144485,36.56433,0.293071161
1998,"FRA",41.875,19.9,41.66,37.97748947,35.33037,0.2743445693
1999,"FRA",41.875,26,40,39.05939102,35.60085,0.214527027
2000,"FRA",40.795,26,37.76,38.1709404,34.7124,0.1999324324
2001,"FRA",40.075,26,36.43,37.57863998,34.1201,0.1902027027
2002,"FRA",35.575,26,35.43,33.8767662,30.41822,0.1293918919
2003,"FRA",33.46,26,35.43,32.1368866,28.67834,0.1008108108
2004,"FRA",33.91,26,35.43,32.50707245,29.04853,0.1068918919
2005,"FRA",32.25578,27,34.95,31.3236084,27.73204,0.0719969863
2006,"FRA",32.68,27,34.43,31.67258835,28.08102,0.0778082192
2007,"FRA",32.68,27,34.43,31.67258835,28.08102,0.0778082192
2008,"FRA",32.68,30.1,34.43,32.22240829,28.21848,0.0369098712
1990,"GBR",20.002,40,34,24.34046745,17.83212,-0.3333
1991,"GBR",20.002,40,33,24.34046745,17.83212,-0.3333
1992,"GBR",20.002,40,33,24.34046745,17.83212,-0.3333
1993,"GBR",22.58064516,40,33,26.35968802,19.85134,-0.2903225807
1994,"GBR",25,40,33,28.25417519,21.74582,-0.25
1995,"GBR",25,40,33,28.25417519,21.74582,-0.25
1996,"GBR",25,40,33,28.25417519,21.74582,-0.25
1997,"GBR",25,40,31,28.25417519,21.74582,-0.25
1998,"GBR",25,40,31,28.25417519,21.74582,-0.25
1999,"GBR",25,40,31,28.25417579,21.74582,-0.25
2000,"GBR",25.00075,40,30,28.25476265,21.74641,-0.2499875
2001,"GBR",25.00075,40,30,28.25476265,21.74641,-0.2499875
2002,"GBR",25.00075,40,30,28.25476265,21.74641,-0.2499875
2003,"GBR",25.00075,40,30,28.25476265,21.74641,-0.2499875
2004,"GBR",25.00075,40,30,28.25476265,21.74641,-0.2499875
2005,"GBR",25.00075,40,30,28.25476265,21.74641,-0.2499875
2006,"GBR",25.00075,40,30,28.25476265,21.74641,-0.2499875
2007,"GBR",25.00075,40,30,28.25476265,21.74641,-0.2499875
2008,"GBR",25.00075,18,28,23.48197174,20.55321,0.085375
1990,"GRC",NA,NA,46,NA,NA,NA
1991,"GRC",NA,NA,46,NA,NA,NA
1992,"GRC",0,NA,35,NA,NA,NA
1993,"GRC",0,0,35,0,0,NA
1994,"GRC",0,0,35,0,0,NA
1995,"GRC",0,0,35,0,0,0
1996,"GRC",0,0,35,0,0,0
1997,"GRC",0,0,35,0,0,0
1998,"GRC",0,0,35,0,0,0
1999,"GRC",0,0,35,0,0,0
2000,"GRC",0,0,35,0,0,NA
2001,"GRC",0,0,35,0,0,0
2002,"GRC",0,0,35,0,0,0
2003,"GRC",0,0,35,0,0,0
2004,"GRC",0,0,35,0,0,0
2005,"GRC",0,0,32,0,0,0
2006,"GRC",0,0,29,0,0,0
2007,"GRC",0,0,25,0,0,0
2008,"GRC",0,0,25,0,0,0
1990,"HUN",20,20,40,20,15.13027,NA
1991,"HUN",20,20,40,20,15.13027,NA
1992,"HUN",10,20,40,13.2464838,8.376759,NA
1993,"HUN",10,20,40,13.2464838,8.376759,-0.125
1994,"HUN",10,20,36,13.2464838,8.376759,-0.125
1995,"HUN",10,10,18,10,7.565137,0
1996,"HUN",10,10,18,10,7.565137,0
1997,"HUN",10,10,18,10,7.565137,0
1998,"HUN",20,20,18,20,15.13027,0
1999,"HUN",20,20,18,20,15.13027,0
2000,"HUN",20,20,18,20,15.13027,0
2001,"HUN",20,20,18,20,15.13027,0
2002,"HUN",20,20,18,20,15.13027,0
2003,"HUN",20,20,18,20,15.13027,0
2004,"HUN",20,0,16,13.50703239,13.50703,0.2
2005,"HUN",25,0,16,16.88379097,16.88379,0.25
2006,"HUN",25,20,20,23.37675858,18.50703,0.0625
2007,"HUN",10,20,20,13.2464838,8.376759,-0.125
2008,"HUN",10,20,20,13.2464838,8.376759,-0.125
1990,"IRL",35.76388889,40,43,36.80609512,29.42522,-0.0706018519
1991,"IRL",35.67013889,40,40,36.73540878,29.35454,-0.0721643519
1992,"IRL",32,40,40,33.9682312,26.58736,-0.1333333333
1993,"IRL",30.66666667,40,40,32.9629364,25.58207,-0.1555555556
1994,"IRL",30.66666667,40,40,32.9629364,25.58207,-0.1555555556
1995,"IRL",32.01731602,40,38,33.98128891,26.60042,-0.133044733
1996,"IRL",32.46753247,40,38,34.32073975,26.93987,-0.1255411255
1997,"IRL",34.36611272,40,38,35.75221252,28.37134,-0.0938981213
1998,"IRL",39.3258427,20,32,34.57112503,30.88069,0.2415730337
1999,"IRL",39.3258427,20,28,34.57112503,30.88069,0.2415730337
2000,"IRL",44,20,24,38.09530258,34.40487,0.3
2001,"IRL",42,20,20,36.58736038,32.89693,0.275
2002,"IRL",42,20,16,36.58736038,32.89693,0.275
2003,"IRL",42,20,12.5,36.58736038,32.89693,0.275
2004,"IRL",42,20,12.5,36.58736038,32.89693,0.275
2005,"IRL",42,20,12.5,36.58736038,32.89693,0.275
2006,"IRL",42,20,12.5,36.58736038,32.89693,0.275
2007,"IRL",41,20,12.5,35.83338928,32.14296,0.2625
2008,"IRL",41,20,12.5,35.83338928,32.14296,0.2625
1990,"ITA",21.875,25,46.4,22.14241028,20.53795,-0.0416666667
1991,"ITA",21.875,25,47.8,22.14241028,20.53795,-0.0416666667
1992,"ITA",23.4375,25,52.2,23.57120514,21.96674,-0.0208333333
1993,"ITA",23.4375,25,52.2,23.57120514,21.96674,-0.0208333333
1994,"ITA",23.4,25,53.2,23.53691408,21.93245,-0.0213333333
1995,"ITA",23.4,25,53.2,23.53691408,21.93245,-0.0213333333
1996,"ITA",22.22222222,25,53.2,22.45992088,20.85546,-0.037037037
1997,"ITA",22.22222222,25,53.2,22.45992088,20.85546,-0.037037037
1998,"ITA",12.5,12.5,37,12.5,11.69777,0
1999,"ITA",12.5,12.5,37,12.5,11.69777,0
2000,"ITA",12.5,12.5,37,12.5,11.69777,0
2001,"ITA",12.5,12.5,36,12.5,11.69777,0
2002,"ITA",12.5,12.5,36,12.5,11.69777,0
2003,"ITA",12.5,12.5,34,12.5,11.69777,0
2004,"ITA",12.5,12.5,33,12.5,11.69777,0
2005,"ITA",12.5,12.5,33,12.5,11.69777,0
2006,"ITA",12.5,12.5,33,12.5,11.69777,0
2007,"ITA",12.5,12.5,33,12.5,11.69777,0
2008,"ITA",12.5,12.5,27.5,12.5,11.69777,0
1990,"JPN",35,35,49.98,35,26.78766,0
1991,"JPN",35,35,49.98,35,26.78766,0
1992,"JPN",35,35,49.98,35,26.78766,0
1993,"JPN",35,35,49.98,35,26.78766,0
1994,"JPN",35,35,49.98,35,26.78766,0
1995,"JPN",35,26,49.98,32.18434143,26.08374,0.1216216216
1996,"JPN",35,26,49.98,32.18434143,26.08374,0.1216216216
1997,"JPN",35,26,49.98,32.18434143,26.08374,0.1216216216
1998,"JPN",35,26,46.36,32.18434143,26.08374,0.1216216216
1999,"JPN",35,26,40.87,32.18434143,26.08374,0.1216216216
2000,"JPN",43.6,26,40.87,38.09381866,31.99322,0.2378378378
2001,"JPN",43.6,26,40.87,38.09381866,31.99322,0.2378378378
2002,"JPN",43.6,26,40.87,38.09381866,31.99322,0.2378378378
2003,"JPN",43.6,26,40.87,38.09381866,31.99322,0.2378378378
2004,"JPN",10,10,39.54,10,7.653616,0
2005,"JPN",10,10,39.54,10,7.653616,0
2006,"JPN",10,10,39.54,10,7.653616,0
2007,"JPN",10,10,39.54,10,7.653616,0
2008,"JPN",10,10,39.54,10,7.653616,0
1990,"KOR",47.27272727,0,34,26.55583572,26.55584,0.4727272727
1991,"KOR",47.27272727,0,33,26.55583572,26.55584,0.4727272727
1992,"KOR",47.27272727,0,33,26.55583572,26.55584,0.4727272727
1993,"KOR",47.27272727,0,33,26.55583572,26.55584,0.4727272727
1994,"KOR",38.39,0,32.25,21.56589317,21.56589,0.3839
1995,"KOR",37.0175,0,32.25,20.79487991,20.79488,0.370175
1996,"KOR",33.36,0,30.8,18.74024963,18.74025,0.3336
1997,"KOR",33.36,0,30.8,18.74024963,18.74025,0.3336
1998,"KOR",33.36,0,30.8,18.74024963,18.74025,0.3336
1999,"KOR",22.7202473,0,30.8,12.76328278,12.76328,0.227202473
2000,"KOR",22.7202477,0,30.8,12.76328278,12.76328,0.227202477
2001,"KOR",33.36,0,30.8,18.74024963,18.74025,0.3336
2002,"KOR",28.124,0,29.7,15.79888439,15.79888,0.28124
2003,"KOR",28.124,0,29.7,15.79888439,15.79888,0.28124
2004,"KOR",28.124,0,29.7,15.79888439,15.79888,0.28124
2005,"KOR",31.12,0,27.5,17.48191071,17.48191,0.3112
2006,"KOR",31.12,0,27.5,17.48191071,17.48191,0.3112
2007,"KOR",31.12,0,27.5,17.48191071,17.48191,0.3112
2008,"KOR",31.12,0,27.5,17.48191071,17.48191,0.3112
1990,"MEX",0,0,36,0,0,0
1991,"MEX",0,0,35,0,0,0
1992,"MEX",0,0,35,0,0,0
1993,"MEX",0,0,34.8,0,0,0
1994,"MEX",0,0,34,0,0,0
1995,"MEX",0,0,34,0,0,0
1996,"MEX",0,0,34,0,0,0
1997,"MEX",0,0,34,0,0,0
1998,"MEX",0,0,34,0,0,0
1999,"MEX",-9.25186e-15,0,35,-7.46854e-15,-7.47e-15,-9.25186e-17
2000,"MEX",0,0,35,0,0,0
2001,"MEX",0,0,35,0,0,0
2002,"MEX",0,0,35,0,0,0
2003,"MEX",-8.41078e-15,0,34,-6.78958e-15,-6.79e-15,-8.41078e-17
2004,"MEX",0,0,33,0,0,0
2005,"MEX",-7.93016e-15,0,30,-6.4016e-15,-6.4e-15,-7.93016e-17
2006,"MEX",-1.56369e-14,0,29,-1.26229e-14,-1.26e-14,-1.56369e-16
2007,"MEX",7.70988e-15,0,28,6.22378e-15,6.22e-15,7.70988e-17
2008,"MEX",7.70988e-15,0,28,6.22378e-15,6.22e-15,7.70988e-17
1990,"NLD",60,60,35,60,51.62014,0
1991,"NLD",60,60,35,60,51.62014,0
1992,"NLD",60,60,35,60,51.62014,0
1993,"NLD",60,60,35,60,51.62014,0
1994,"NLD",60,60,35,60,51.62014,0
1995,"NLD",60,60,35,60,51.62014,0
1996,"NLD",60,60,35,60,51.62014,0
1997,"NLD",60,60,35,60,51.62014,0
1998,"NLD",60,60,35,60,51.62014,0
1999,"NLD",60,60,35,60,51.62014,0
2000,"NLD",60,60,35,60,51.62014,0
2001,"NLD",25,0,35,20.34452438,20.34452,0.25
2002,"NLD",25,0,34.5,20.34452438,20.34452,0.25
2003,"NLD",25,0,34.5,20.34452438,20.34452,0.25
2004,"NLD",25,0,34.5,20.34452438,20.34452,0.25
2005,"NLD",25,0,31.5,20.34452438,20.34452,0.25
2006,"NLD",25,0,29.6,20.34452438,20.34452,0.25
2007,"NLD",22,0,25.5,17.90318108,17.90318,0.22
2008,"NLD",25,0,25.5,20.34452438,20.34452,0.25
1990,"NOR",25.5,0,50.8,19.65874943,19.65875,0.255
1991,"NOR",23.5,0,50.8,18.11688673,18.11689,0.235
1992,"NOR",0,0,28,0,0,0
1993,"NOR",0,0,28,0,0,0
1994,"NOR",0,0,28,0,0,0
1995,"NOR",0,0,28,0,0,0
1996,"NOR",0,0,28,0,0,0
1997,"NOR",0,0,28,0,0,0
1998,"NOR",0,0,28,0,0,0
1999,"NOR",0,0,28,0,0,0
2000,"NOR",0,0,28,0,0,0
2001,"NOR",11.00123609,0,28,8.481197357,8.481197,0.1100123609
2002,"NOR",0,0,28,0,0,0
2003,"NOR",0,0,28,0,0,0
2004,"NOR",0,0,28,0,0,0
2005,"NOR",0,0,28,0,0,0
2006,"NOR",28,28,28,28,23.18956,0
2007,"NOR",28,28,28,28,23.18956,0
2008,"NOR",28,28,28,28,23.18956,0
1990,"NZL",0,0,33,0,0,0
1991,"NZL",0,0,33,0,0,0
1992,"NZL",0,0,33,0,0,0
1993,"NZL",0,0,33,0,0,0
1994,"NZL",0,0,33,0,0,0
1995,"NZL",0,0,33,0,0,0
1996,"NZL",0,0,33,0,0,0
1997,"NZL",0,0,33,0,0,0
1998,"NZL",0,0,33,0,0,0
1999,"NZL",0,0,33,0,0,0
2000,"NZL",8.927,0,33,7.196805954,7.196806,0.08927
2001,"NZL",8.927,0,33,7.196805954,7.196806,0.08927
2002,"NZL",8.927,0,33,7.196805954,7.196806,0.08927
2003,"NZL",8.927,0,33,7.196805954,7.196806,0.08927
2004,"NZL",8.927,0,33,7.196805954,7.196806,0.08927
2005,"NZL",8.927,0,33,7.196805954,7.196806,0.08927
2006,"NZL",8.955223881,0,33,7.219559669,7.21956,0.0895522388
2007,"NZL",8.927,0,33,7.196805954,7.196806,0.08927
2008,"NZL",12.85714286,0,30,10.36522484,10.36522,0.1285714286
1990,"POL",NA,NA,NA,NA,NA,NA
1991,"POL",NA,NA,NA,NA,NA,NA
1992,"POL",NA,40,40,NA,NA,NA
1993,"POL",20,40,40,25.61317062,17.19341,-0.3333333333
1994,"POL",20,45,40,27.01646423,17.54424,-0.4545454545
1995,"POL",20,45,40,27.01646423,17.54424,-0.4545454545
1996,"POL",20,45,40,27.01646423,17.54424,-0.4545454545
1997,"POL",20,44,40,26.73580551,17.47407,-0.4285714286
1998,"POL",20,40,36,25.61317062,17.19341,-0.3333333333
1999,"POL",20,0,34,14.38682938,14.38683,0.2
2000,"POL",20,0,30,14.38682938,14.38683,0.2
2001,"POL",15,0,28,10.79012203,10.79012,0.15
2002,"POL",15,0,28,10.79012203,10.79012,0.15
2003,"POL",15,0,27,10.79012203,10.79012,0.15
2004,"POL",19,19,19,19,15.00062,0
2005,"POL",19,19,19,19,15.00062,0
2006,"POL",19,19,19,19,15.00062,0
2007,"POL",19,19,19,19,15.00062,0
2008,"POL",19,19,19,19,15.00062,0
1990,"PRT",25,0,40.15,21.04433823,21.04434,0.25
1991,"PRT",25,0,39.6,21.04433823,21.04434,NA
1992,"PRT",25,0,39.6,21.04433823,21.04434,NA
1993,"PRT",25,0,39.6,21.04433823,21.04434,0.25
1994,"PRT",25,0,39.6,21.04433823,21.04434,0.25
1995,"PRT",25,0,39.6,21.04433823,21.04434,0.25
1996,"PRT",25,0,39.6,21.04433823,21.04434,0.25
1997,"PRT",25,0,37.4,21.04433823,21.04434,0.25
1998,"PRT",25,0,37.4,21.04433823,21.04434,0.25
1999,"PRT",25,0,37.4,21.04433823,21.04434,0.25
2000,"PRT",25,0,37.4,21.04433823,21.04434,0.25
2001,"PRT",25,0,35.2,21.04433823,21.04434,0.25
2002,"PRT",20,0,33,16.8354702,16.83547,0.2
2003,"PRT",20,0,33,16.8354702,16.83547,0.2
2004,"PRT",20,0,27.5,16.8354702,16.83547,0.2
2005,"PRT",20,0,27.5,16.8354702,16.83547,0.2
2006,"PRT",20,0,27.5,16.8354702,16.83547,0.2
2007,"PRT",20,0,26.5,16.8354702,16.83547,0.2
2008,"PRT",20,0,26.5,16.8354702,16.83547,0.2
1990,"SWE",66.16,33.1,53,59.15013259,53.88637,0.4941704036
1991,"SWE",30,30,30,30,25.22922,0
1992,"SWE",30,25,30,28.93982647,24.96418,0.0666666667
1993,"SWE",0,25,30,5.300867671,1.325217,0.0666666667
1994,"SWE",0,12.5,28,2.650433835,0.6626084,-0.1428571429
1995,"SWE",30,30,28,30,25.22922,0
1996,"SWE",30,30,28,30,25.22922,0
1997,"SWE",30,30,28,30,25.22922,0
1998,"SWE",30,30,28,30,25.22922,0
1999,"SWE",30,30,28,30,25.22922,0
2000,"SWE",30,30,28,30,25.22922,0
2001,"SWE",30,30,28,30,25.22922,0
2002,"SWE",30,30,28,30,25.22922,0
2003,"SWE",30,30,28,30,25.22922,0
2004,"SWE",30,30,28,30,25.22922,0
2005,"SWE",30,30,28,30,25.22922,0
2006,"SWE",30,30,28,30,25.22922,0
2007,"SWE",30,30,28,30,25.22922,0
2008,"SWE",30,30,28,30,25.22922,0
1990,"USA",28,28,34,28,14.59538,0
1991,"USA",31,28,34,29.0850544,15.68043,0.0416666667
1992,"USA",31,28,35,29.0850544,15.68043,0.0416666667
1993,"USA",39.6,28,35,32.19554138,18.79092,0.1611111111
1994,"USA",39.6,28,35,32.19554138,18.79092,0.1611111111
1995,"USA",39.6,28,35,32.19554138,18.79092,0.1611111111
1996,"USA",39.6,28,35,32.19554138,18.79092,0.1611111111
1997,"USA",39.6,20,35,27.08901978,17.51429,0.245
1998,"USA",39.6,20,35,27.08901978,17.51429,0.245
1999,"USA",39.6,20,35,27.08901978,17.51429,0.245
2000,"USA",39.6,20,35,27.08901978,17.51429,0.245
2001,"USA",39.1,20,35,26.90817642,17.33345,0.23875
2002,"USA",38.6,20,35,26.72733498,17.15261,0.2325
2003,"USA",15,15,35,15,7.818953,0
2004,"USA",15,15,35,15,7.818953,0
2005,"USA",15,15,35,15,7.818953,0
2006,"USA",15,15,35,15,7.818953,0
2007,"USA",15,15,35,15,7.818953,0
2008,"USA",15,15,35,15,7.818953,0
